{
    "GROUP": {
        "AR": {
            "AP": [
                "c54495e03d09a11b8d8261cbc46a832c3"
            ],
            "P": {},
            "S": {
                "c54495e03d09a11b8d8261cbc46a832c3": {
                    "AP": false,
                    "Sticker": {
                        "STKID": "5928044",
                        "STKPKGID": "4608",
                        "STKTXT": "[Sticker]",
                        "STKVER": "1"
                    }
                }
            }
        },
        "LM": {
            "AP": [],
            "P": {},
            "S": {}
        },
        "WM": {
            "AP": [],
            "P": {},
            "S": {}
        }
    },
    "Members": 0,
    "ROM": {
        "c2a410ab2f2afed90302d45752eecf407": {
            "u36e931e62a54321f083deef93272cf30": {
                "metadata": [
                    {
                        "MENTION": "{\"MENTIONEES\":[{\"S\":\"0\",\"E\":\"22\",\"M\":\"ub4fd9b8db24cce491bf31ac1d91e9a4d\"}]}"
                    }
                ],
                "msg.id": [
                    "8882379473338"
                ],
                "text": [
                    "@!iya pak"
                ],
                "waktu": [
                    1542565208208
                ]
            }
        },
        "c38a3fd4262940fd8a185d48b3d33d9e5": {
            "ub78ed95be7deb54f372add33a8e5a437": {
                "metadata": [
                    {
                        "MENTION": "{\"MENTIONEES\":[{\"S\":\"0\",\"E\":\"22\",\"M\":\"ub4fd9b8db24cce491bf31ac1d91e9a4d\"}]}"
                    }
                ],
                "msg.id": [
                    "8882344315272"
                ],
                "text": [
                    "@!"
                ],
                "waktu": [
                    1542563870374
                ]
            }
        },
        "c7553e8e2682e42d42db3fadb6141e05b": {
            "u976432a58c1de4d908a30d65dd6d5a60": {
                "metadata": [
                    {
                        "MENTION": "{\"MENTIONEES\": [{\"S\": \"0\", \"E\": \"6\", \"M\": \"uc6296c356cab589cd7483762f8bdfb17\"}, {\"S\": \"7\", \"E\": \"13\", \"M\": \"u990aa7f61ca72feef25a8b4af4da9b31\"}, {\"S\": \"14\", \"E\": \"20\", \"M\": \"u3ebbc00b9bedfda5d884bd4e14836167\"}, {\"S\": \"21\", \"E\": \"27\", \"M\": \"u1eaa7213b51be66916601d5672da8f6c\"}, {\"S\": \"28\", \"E\": \"34\", \"M\": \"u7955472a22997ef82aaf1b7f187f7722\"}, {\"S\": \"35\", \"E\": \"41\", \"M\": \"u220fb2445544a7edb5c71e821e6cdabd\"}, {\"S\": \"42\", \"E\": \"48\", \"M\": \"uea40351cb827500d2bd6426ab21501e1\"}, {\"S\": \"49\", \"E\": \"55\", \"M\": \"u95835e25c7b4363b9fa3a094fb6ae836\"}, {\"S\": \"56\", \"E\": \"62\", \"M\": \"u5609d66affabfa2ef16bef14811847e6\"}, {\"S\": \"63\", \"E\": \"69\", \"M\": \"u2ee0d05503b3bba77ab109705a90533a\"}, {\"S\": \"70\", \"E\": \"76\", \"M\": \"u74fbd226f28530e94857065a2c8b295c\"}, {\"S\": \"77\", \"E\": \"83\", \"M\": \"ub7b57818ab604ab67634b106197bc895\"}, {\"S\": \"84\", \"E\": \"90\", \"M\": \"ua20e1ca387ae2f6321b0be0ab58991d6\"}, {\"S\": \"91\", \"E\": \"97\", \"M\": \"u9022c2960c0aa9c1fec7f21b86838b56\"}, {\"S\": \"98\", \"E\": \"104\", \"M\": \"ud183039773a5320a3137835a32bfcf56\"}, {\"S\": \"105\", \"E\": \"111\", \"M\": \"u808ca4ef17d718cbbf6698aa4f53ba81\"}, {\"S\": \"112\", \"E\": \"118\", \"M\": \"u1c33d317295a686c161735bd697b51a3\"}, {\"S\": \"119\", \"E\": \"125\", \"M\": \"u2cea0a09552db9f1894e72e339c7e051\"}, {\"S\": \"126\", \"E\": \"132\", \"M\": \"ub4fd9b8db24cce491bf31ac1d91e9a4d\"}, {\"S\": \"133\", \"E\": \"139\", \"M\": \"uf51ca315c3f0076646a20c8828d38a0e\"}]}"
                    }
                ],
                "msg.id": [
                    "8882466856124"
                ],
                "text": [
                    "@!\n@!\n@!\n@!\n@!\n@!\n@!\n@!\n@!\n@!\n@!\n@!\n@!\n@!\n@!\n@!\n@!\n@!\n@!\n@!\n"
                ],
                "waktu": [
                    1542568983348
                ]
            }
        }
    },
    "ROM1": {},
    "Unsend": {
        "c25a88116f860b2eed89e3e72617a43fd": {
            "B": [
                "8882500801548",
                "8882500867931",
                "8882500906268",
                "8882500908440",
                "8882500907566",
                "8882500908563",
                "8882500913600",
                "8882501092724",
                "8882501137556",
                "8882501256056",
                "8882501317282",
                "8882501318710",
                "8882501319346",
                "8882501324024",
                "8882501325380",
                "8882501326748",
                "8882501328296",
                "8882501329424",
                "8882501328802",
                "8882501329618",
                "8882504524112",
                "8882504697335",
                "8882505575494",
                "8882505621368",
                "8882505738560",
                "8882505806852",
                "8882505808533",
                "8882505806410",
                "8882505811292",
                "8882505812492",
                "8882505813920",
                "8882505812493",
                "8882505816764",
                "8882505818156",
                "8882505815194",
                "8882511528813",
                "8882515506371",
                "8882515579870",
                "8882515736613"
            ]
        },
        "c2a410ab2f2afed90302d45752eecf407": {
            "B": [
                "8882379069898"
            ]
        },
        "c38a3fd4262940fd8a185d48b3d33d9e5": {
            "B": [
                "8882495806246",
                "8882495855747",
                "8882497676698"
            ]
        },
        "c671a003074c8ddf564c9f783c29cc4f2": {
            "B": [
                "8882330568203",
                "8882333530185",
                "8882374869910",
                "8882497541833",
                "8882497552196"
            ]
        },
        "c7387c7ad28d7d389233572d7fe1e2d49": {
            "B": []
        },
        "c7553e8e2682e42d42db3fadb6141e05b": {
            "B": [
                "8882484404361",
                "8882486103035"
            ]
        },
        "ce2988dab835b51688b1cb70cffad2edc": {
            "B": [
                "8882331240812"
            ]
        },
        "u2272701d90049e5458b594eff74174ad": {
            "B": []
        },
        "u343755c46b86332c992956dd14b2448c": {
            "B": []
        },
        "u36e931e62a54321f083deef93272cf30": {
            "B": [
                "8882382423970",
                "8882382473929",
                "8882382926757"
            ]
        },
        "u51df24d940f0b36ad3a3e7b2ca678c4e": {
            "B": [
                "8882336040058",
                "8882344624715",
                "8882344796744",
                "8882344799085",
                "8882345079886",
                "8882345095965",
                "8882345101400",
                "8882345103129",
                "8882345258012",
                "8882345344736",
                "8882345429638",
                "8882345430489"
            ]
        },
        "ub5bebc0eeca6fa82943948f92576d7f5": {
            "B": [
                "8882334283078"
            ]
        },
        "ub78ed95be7deb54f372add33a8e5a437": {
            "B": [
                "8882495996447"
            ]
        },
        "uea235ae8aa046c6711cf43c2354f0f23": {
            "B": [
                "8882486525601",
                "8882487020468",
                "8882487387800",
                "8882487849154",
                "8882487929301",
                "8882488018918",
                "8882488137021",
                "8882488377345",
                "8882488442864",
                "8882488497933",
                "8882488627930",
                "8882488655792",
                "8882489046946",
                "8882489143426",
                "8882489254212",
                "8882489427765",
                "8882489574695",
                "8882489813156",
                "8882489853454",
                "8882490005408",
                "8882490058964",
                "8882490075488",
                "8882490142762",
                "8882490470060",
                "8882490606165",
                "8882490654021",
                "8882490694103",
                "8882491552088",
                "8882491767506",
                "8882491904312",
                "8882492025644",
                "8882492050220",
                "8882492201206",
                "8882492242942",
                "8882492337800",
                "8882493297358",
                "8882494853580",
                "8882508928714",
                "8882508965567"
            ]
        },
        "uec334330f55b267b3d391cfe101a9b55": {
            "B": [
                "8882373981852",
                "8882375682445",
                "8882376944327",
                "8882376960944",
                "8882376961773"
            ]
        }
    },
    "addPesan": "",
    "addSticker": {
        "name": "",
        "status": false
    },
    "autoAdd": false,
    "autoJoin": true,
    "autoLike": {
        "comment": "AutoLike by RhyN",
        "status": true
    },
    "autoread1": false,
    "autoread2": false,
    "blacklist": [],
    "bot": [],
    "bots": [],
    "changeGroupPicture": [],
    "changePicture": false,
    "changeProfileVideo": {
        "picture": "/tmp/linepy-1542569752-2.bin",
        "stage": 2,
        "status": false,
        "video": "/tmp/linepy-1542569750-6.bin"
    },
    "getReader": {},
    "lurkauto": false,
    "lurkp": {},
    "lurkt": {},
    "messageSticker": {
        "addName": null,
        "addStatus": false,
        "listSticker": {
            "addSticker": {
                "STKID": "183",
                "STKPKGID": "3",
                "STKVER": "100",
                "status": true
            },
            "readerSticker": {
                "STKID": "5395097",
                "STKPKGID": "4372",
                "STKVER": "2",
                "status": true
            }
        }
    },
    "myProfile": {
        "coverId": "True",
        "displayName": "Alfan Acklesヅ₴⚒ᕙ👅אǥβ",
        "pictureStatus": "0hqnHUlwACLkF1LAPXx2FRFklpICwCAigJDRlkcAUkI3gNT2oSGxg1IlgsIyZaHDlFSR9pJwQkIHQN",
        "statusMessage": "Hey Jude!!\nI'm Bad ')",
        "videoProfile": "{\"category\":\"vp.mp4\",\"extension\":\"jpeg\",\"animated\":false,\"width\":709,\"height\":960,\"fileSize\":52661,\"tids\":{\"mp4\":\"vp.small\",\"sjpg\":\"vp.sjpg\"}}"
    },
    "notag": [],
    "notificationCall": [],
    "notificationCallPrank": [],
    "owner": [
        "u2cf74acf6ed04d122def4db8ffdd2e39"
    ],
    "pesanCall": "",
    "postId": [],
    "prankCall": {
        "audio": "",
        "live": "",
        "video": ""
    },
    "readPoint": {},
    "readPoints": {},
    "readerPesan": " Oi@!ngapain?",
    "responCall": false,
    "rname": "",
    "sendSticker": false,
    "setTime": {},
    "sname": "rhyn",
    "status": false,
    "target": [],
    "tos": {},
    "ttt": "line://app/1602687308-GXq4Vvk9?type=text&text=",
    "whitelist": []
}